<application>
  <component name="FileTypeManager" version="17">
    <ignoreFiles list="*.hprof;*.pyc;*.pyo;*.rbc;*~;.DS_Store;.git;.hg;.svn;CVS;RCS;SCCS;__pycache__;_svn;rcs;" />
    <extensionMap>
      <removed_mapping ext="css" approved="true" type="CSS" />
      <removed_mapping ext="js" approved="true" type="JavaScript" />
      <mapping pattern="AI伴侣.md" type="PLAIN_TEXT" />
      <mapping pattern="computer_vision.md" type="PLAIN_TEXT" />
      <mapping pattern=".gitkeep" type="PLAIN_TEXT" />
      <mapping ext="mo" type="PLAIN_TEXT" />
      <removed_mapping ext="js" approved="true" type="JavaScript" />
      <removed_mapping ext="css" approved="true" type="CSS" />
    </extensionMap>
  </component>
</application>